<?xml version="1.0" encoding="UTF-8"?>
<project-private xmlns="http://www.netbeans.org/ns/project-private/1">
    <editor-bookmarks xmlns="http://www.netbeans.org/ns/editor-bookmarks/2" lastBookmarkId="0"/>
    <open-files xmlns="http://www.netbeans.org/ns/projectui-open-files/2">
        <group>
            <file>file:/C:/Users/ROOPAK%20CHUGH/Documents/NetBeansProjects/PC-Remote/src/Chatexpress/FileTransfer.java</file>
            <file>file:/C:/Users/ROOPAK%20CHUGH/Documents/NetBeansProjects/PC-Remote/src/Chatexpress/SDrawInit.java</file>
            <file>file:/C:/Users/ROOPAK%20CHUGH/Documents/NetBeansProjects/PC-Remote/src/Chatexpress/SDrawGUI.java</file>
            <file>file:/C:/Users/ROOPAK%20CHUGH/Documents/NetBeansProjects/PC-Remote/src/Chatexpress/CDrawGUI.java</file>
            <file>file:/C:/Users/ROOPAK%20CHUGH/Documents/NetBeansProjects/PC-Remote/src/Startup/PCRemoteUI.java</file>
            <file>file:/C:/Users/ROOPAK%20CHUGH/Documents/NetBeansProjects/PC-Remote/src/Client/ClientHandler.java</file>
            <file>file:/C:/Users/ROOPAK%20CHUGH/Documents/NetBeansProjects/PC-Remote/src/Chatexpress/CDrawInit.java</file>
            <file>file:/C:/Users/ROOPAK%20CHUGH/Documents/NetBeansProjects/PC-Remote/src/Server/ServerInit.java</file>
            <file>file:/C:/Users/ROOPAK%20CHUGH/Documents/NetBeansProjects/PC-Remote/src/Startup/SplashScreen.java</file>
            <file>file:/C:/Users/ROOPAK%20CHUGH/Documents/NetBeansProjects/PC-Remote/src/Client/ClientCommandsSender.java</file>
            <file>file:/C:/Users/ROOPAK%20CHUGH/Documents/NetBeansProjects/PC-Remote/src/Client/ClientScreenReciever.java</file>
            <file>file:/C:/Users/ROOPAK%20CHUGH/Documents/NetBeansProjects/PC-Remote/src/Server/ScreenSpyer.java</file>
            <file>file:/C:/Users/ROOPAK%20CHUGH/Documents/NetBeansProjects/PC-Remote/src/Server/ServerDriver.java</file>
            <file>file:/C:/Users/ROOPAK%20CHUGH/Documents/NetBeansProjects/PC-Remote/src/Client/ClientInit.java</file>
            <file>file:/C:/Users/ROOPAK%20CHUGH/Documents/NetBeansProjects/PC-Remote/src/Server/ServerHandler.java</file>
            <file>file:/C:/Users/ROOPAK%20CHUGH/Documents/NetBeansProjects/PC-Remote/src/Client/EnumCommands.java</file>
            <file>file:/C:/Users/ROOPAK%20CHUGH/Documents/NetBeansProjects/PC-Remote/src/Chatexpress/FileReceiver.java</file>
        </group>
    </open-files>
</project-private>
