<?xml version="1.0" encoding="UTF-8"?>
<project-private xmlns="http://www.netbeans.org/ns/project-private/1">
    <editor-bookmarks xmlns="http://www.netbeans.org/ns/editor-bookmarks/2" lastBookmarkId="0"/>
    <open-files xmlns="http://www.netbeans.org/ns/projectui-open-files/2">
        <group>
            <file>file:/C:/Users/ROOPAK%20CHUGH/Documents/NetBeansProjects/PC-Remote/src/Server/ServerInitiator.java</file>
            <file>file:/C:/Users/ROOPAK%20CHUGH/Documents/NetBeansProjects/PC-Remote/src/Startup/PCRemoteUI.java</file>
            <file>file:/C:/Users/ROOPAK%20CHUGH/Documents/NetBeansProjects/PC-Remote/src/Server/EnumCommands.java</file>
            <file>file:/C:/Users/ROOPAK%20CHUGH/Documents/NetBeansProjects/PC-Remote/src/Client/ClientHandler.java</file>
            <file>file:/C:/Users/ROOPAK%20CHUGH/Documents/NetBeansProjects/PC-Remote/src/Server/ClientHandler.java</file>
            <file>file:/C:/Users/ROOPAK%20CHUGH/Documents/NetBeansProjects/PC-Remote/src/Server/ServerInit.java</file>
            <file>file:/C:/Users/ROOPAK%20CHUGH/Documents/NetBeansProjects/PC-Remote/src/Client/ClientCommandsSender.java</file>
            <file>file:/C:/Users/ROOPAK%20CHUGH/Documents/NetBeansProjects/PC-Remote/src/Client/ClientScreenReciever.java</file>
            <file>file:/C:/Users/ROOPAK%20CHUGH/Documents/NetBeansProjects/PC-Remote/src/Server/ScreenSpyer.java</file>
            <file>file:/C:/Users/ROOPAK%20CHUGH/Documents/NetBeansProjects/PC-Remote/src/Server/ServerDriver.java</file>
            <file>file:/C:/Users/ROOPAK%20CHUGH/Documents/NetBeansProjects/PC-Remote/src/Client/ClientInit.java</file>
            <file>file:/C:/Users/ROOPAK%20CHUGH/Documents/NetBeansProjects/PC-Remote/src/Client/EnumCommands.java</file>
            <file>file:/C:/Users/ROOPAK%20CHUGH/Documents/NetBeansProjects/PC-Remote/src/Server/ClientHandler1.java</file>
        </group>
    </open-files>
</project-private>
